-- phpMyAdmin SQL Dump
-- version 4.8.3
-- https://www.phpmyadmin.net/
--
-- Hôte : 127.0.0.1
-- Généré le :  sam. 27 avr. 2019 à 18:14
-- Version du serveur :  10.1.35-MariaDB
-- Version de PHP :  7.2.9

SET SQL_MODE = "NO_AUTO_VALUE_ON_ZERO";
SET AUTOCOMMIT = 0;
START TRANSACTION;
SET time_zone = "+00:00";


/*!40101 SET @OLD_CHARACTER_SET_CLIENT=@@CHARACTER_SET_CLIENT */;
/*!40101 SET @OLD_CHARACTER_SET_RESULTS=@@CHARACTER_SET_RESULTS */;
/*!40101 SET @OLD_COLLATION_CONNECTION=@@COLLATION_CONNECTION */;
/*!40101 SET NAMES utf8mb4 */;

--
-- Base de données :  `aemci`
--

-- --------------------------------------------------------

--
-- Structure de la table `attribuer`
--

CREATE TABLE `attribuer` (
  `nce_et` varchar(50) NOT NULL,
  `nce_par` varchar(50) NOT NULL,
  `annee` varchar(50) NOT NULL,
  `utilisateur` int(11) NOT NULL
) ENGINE=InnoDB DEFAULT CHARSET=utf8;

--
-- Déchargement des données de la table `attribuer`
--

INSERT INTO `attribuer` (`nce_et`, `nce_par`, `annee`, `utilisateur`) VALUES
('', '17', '2019', 1),
('0014', '9', '2019', 1),
('0015', '15', '2019', 1),
('0017', '006', '2019', 1),
('0018', '003', '2019', 1),
('0019', '7', '2019', 1),
('CI0219053121', '009', '2019', 1),
('1', '', '2019', 1),
('10', '001388', '2019', 1),
('11', '007', '2019', 1),
('0025', '012', '2019', 1),
('106', '00127', '2019', 1),
('112', '00126', '2019', 1),
('103', '016', '2019', 1),
('117', '00128', '2019', 1),
('116', '017', '2019', 1),
('114', '020', '2019', 1),
('118', '00131', '2019', 1),
('107', '015', '2019', 1),
('122', '125', '2019', 1),
('120', '014', '2019', 1),
('126', '010', '2019', 1),
('50', '13', '2019', 1),
('46', '1', '2019', 1),
('63', '24', '2019', 1),
('47', '005', '2019', 1),
('21', '00122', '2019', 1),
('61', '00125', '2019', 1),
('70', '00139', '2019', 1),
('134', '018', '2019', 1),
('95', '00129', '2019', 1),
('133', '013', '2019', 1),
('135', '011', '2019', 1),
('76', '00130', '2019', 1),
('79', '019', '2019', 1),
('78', '016', '2019', 1),
('27', '10', '2019', 1),
('80', '015', '2019', 1),
('00159', '008', '2019', 1),
('001291', '16', '2019', 1),
('CI0219053072', '18', '2019', 1),
('17', '00123', '2019', 1),
('00225662', '020', '2019', 1);

-- --------------------------------------------------------

--
-- Structure de la table `etudiant`
--

CREATE TABLE `etudiant` (
  `nce_et` varchar(20) NOT NULL,
  `nom_et` varchar(50) NOT NULL,
  `prenom_et` varchar(200) NOT NULL,
  `sexe` varchar(15) NOT NULL,
  `filiere_et` varchar(50) NOT NULL,
  `niveau_et` varchar(50) NOT NULL,
  `telephone_et` varchar(20) NOT NULL,
  `parrainer` varchar(5) NOT NULL,
  `parrainer_2` varchar(10) NOT NULL
) ENGINE=InnoDB DEFAULT CHARSET=utf8;

--
-- Déchargement des données de la table `etudiant`
--

INSERT INTO `etudiant` (`nce_et`, `nom_et`, `prenom_et`, `sexe`, `filiere_et`, `niveau_et`, `telephone_et`, `parrainer`, `parrainer_2`) VALUES
('', 'AKA ', 'BENIE JEAN K.', 'MASCULIN', 'MATHS INFO', 'LICENCE 1', '47954783', 'OUI', ''),
('001291', 'GARBA', 'NAZIROU', 'MASCULIN', 'MATHS INFO', 'LICENCE 1', '45557010', 'OUI', 'NON'),
('0014', 'SORO', 'BALAMINE', 'MASCULIN', 'MATHS INFO', 'LICENCE 1', '47273458/66201539', 'OUI', 'NON'),
('0015', 'SANGARE', 'SOULEYMANE', 'MASCULIN', 'MATHS INFO', 'LICENCE 1', '77762293', 'OUI', 'NON'),
('00159', 'KONATE', 'MANDJAN', 'MASCULIN', 'MATHS INFO', 'LICENCE 1', '79197518', 'OUI', 'NON'),
('0016', 'SOUMAHORO', 'SOULEYMANE', 'MASCULIN', 'PHYSIQUE CHIMIE', 'LICENCE 1', '45933661', 'NON', 'NON'),
('0017', 'BAMBA', 'YOUSSOUF', 'MASCULIN', 'MATHS INFO', 'LICENCE 1', '87364330', 'OUI', 'NON'),
('0018', 'TRAORE', 'HAROUNA', 'MASCULIN', 'MATHS INFO', 'LICENCE 1', '79384503', 'OUI', 'NON'),
('0019', 'KONE', 'AMADOU', 'MASCULIN', 'MATHS INFO', 'LICENCE 1', '45040667', 'OUI', 'NON'),
('0021', 'BAIKRO', 'NASSOSSO', 'FEMININ', 'PHYSIQUE CHIMIE', 'LICENCE 1', '67615290', 'NON', 'NON'),
('00225662', 'DIZO', 'SOPRI ELOGE', 'MASCULIN', 'PHYSIQUE CHIMIE', 'LICENCE 1', '54184274', 'OUI', 'NON'),
('0025', 'TUO', 'BEH BRAHIMA', 'MASCULIN', 'PHYSIQUE CHIMIE', 'LICENCE 1', '55749013', 'OUI', 'NON'),
('0026', 'DAO', 'DRISSA', 'MASCULIN', 'PHYSIQUE CHIMIE', 'LICENCE 1', '49739273', 'NON', 'NON'),
('0027', 'DIARRA', 'HAMADOU', 'MASCULIN', 'PHYSIQUE CHIMIE', 'LICENCE 1', '67554326', 'NON', 'NON'),
('0028', 'MOUSSA', 'KABLA', 'MASCULIN', 'PHYSIQUE CHIMIE', 'LICENCE 1', '57300930', 'NON', 'NON'),
('0029', 'OULLIE', 'ZAKARIA', 'MASCULIN', 'PHYSIQUE CHIMIE', 'LICENCE 1', '47699602', 'NON', 'NON'),
('0030', 'TOURE', 'ALASSANE FALIKOU', 'MASCULIN', 'PHYSIQUE CHIMIE', 'LICENCE 1', '68693321', 'NON', 'NON'),
('0031', 'TRAORE', 'ZANGA M.', 'MASCULIN', 'PHYSIQUE CHIMIE', 'LICENCE 1', '87878224', 'NON', 'NON'),
('0032', 'YSMAIL', 'TRAORE', 'MASCULIN', 'PHYSIQUE CHIMIE', 'LICENCE 1', '49865084', 'NON', 'NON'),
('1', 'AKA', 'KOUASSI MORRE', 'MASCULIN', 'MATHS INFO', 'LICENCE 1', '59429732', 'OUI', 'NON'),
('10', 'CISSE', 'IBRAHIMA', 'MASCULIN', 'MATHS INFO', 'LICENCE 1', '59106003', 'OUI', 'NON'),
('100', 'KONE', 'CHEICK IBRAHIM', 'MASCULIN', 'PHYSIQUE CHIMIE', 'LICENCE 1', '87722198', 'NON', 'NON'),
('101', 'KONE', 'FANTA ZARA', 'FEMININ', 'PHYSIQUE CHIMIE', 'LICENCE 1', '69142841', 'NON', 'NON'),
('102', 'KONE', 'FATOUMATA', 'FEMININ', 'PHYSIQUE CHIMIE', 'LICENCE 1', '89748123', 'NON', 'NON'),
('103', 'KONE', 'MAMADOU', 'MASCULIN', 'PHYSIQUE CHIMIE', 'LICENCE 1', '55612355', 'OUI', 'NON'),
('104', 'KONE', 'SOULEYMANE', 'MASCULIN', 'PHYSIQUE CHIMIE', 'LICENCE 1', '74020585', 'NON', 'NON'),
('105', 'KOUAKOU', 'BEKAN J.', 'MASCULIN', 'PHYSIQUE CHIMIE', 'LICENCE 1', '59974299', 'NON', 'NON'),
('106', 'KOUAKOU', 'KOFFI', 'MASCULIN', 'PHYSIQUE CHIMIE', 'LICENCE 1', '77041430', 'OUI', 'NON'),
('107', 'KOUAME', 'N DRI LYDIE D.', 'FEMININ', 'PHYSIQUE CHIMIE', 'LICENCE 1', '59934560', 'OUI', 'NON'),
('108', 'KPAN ', 'KIE', 'MASCULIN', 'PHYSIQUE CHIMIE', 'LICENCE 1', '56279374', 'NON', 'NON'),
('109', 'LOBE', 'BORIS', 'MASCULIN', 'PHYSIQUE CHIMIE', 'LICENCE 1', '87578065', 'NON', 'NON'),
('11', 'COULIBALY', 'ABDOULAYE', 'MASCULIN', 'MATHS INFO', 'LICENCE 1', '57291559', 'OUI', 'NON'),
('110', 'MENINGOU', 'ADAMA', 'MASCULIN', 'PHYSIQUE CHIMIE', 'LICENCE 1', '79163436', 'NON', 'NON'),
('111', 'N GATTA', 'YAO FRANCIS', 'MASCULIN', 'PHYSIQUE CHIMIE', 'LICENCE 1', '47243327', 'NON', 'NON'),
('112', 'OBO', 'OTHNIEL', 'MASCULIN', 'PHYSIQUE CHIMIE', 'LICENCE 1', '59908435', 'OUI', 'NON'),
('113', 'OKA', 'PRINCE', 'MASCULIN', 'PHYSIQUE CHIMIE', 'LICENCE 1', '58124824', 'NON', 'NON'),
('114', 'OUATTARA', 'K. MARIAM', 'FEMININ', 'PHYSIQUE CHIMIE', 'LICENCE 1', '67262192', 'OUI', 'NON'),
('115', 'OUATTARA', 'SOUALIO', 'MASCULIN', 'PHYSIQUE CHIMIE', 'LICENCE 1', '78488620', 'NON', 'NON'),
('116', 'SANGARE', 'ADAMA', 'MASCULIN', 'PHYSIQUE CHIMIE', 'LICENCE 1', '76485680', 'OUI', 'NON'),
('117', 'SANGARE', 'MOUSSA', 'MASCULIN', 'PHYSIQUE CHIMIE', 'LICENCE 1', '47835565/06769161', 'OUI', 'NON'),
('118', 'SANGARE', 'ROKIATA', 'FEMININ', 'PHYSIQUE CHIMIE', 'LICENCE 1', '89304632', 'OUI', 'NON'),
('119', 'SANOGO', 'LACINE', 'MASCULIN', 'PHYSIQUE CHIMIE', 'LICENCE 1', '57133181', 'NON', 'NON'),
('12', 'COULIBALY', 'BRAHIMA', 'MASCULIN', 'MATHS INFO', 'LICENCE 1', '79957377', 'NON', 'NON'),
('120', 'SAVADOGO', 'DAOUDA', 'MASCULIN', 'PHYSIQUE CHIMIE', 'LICENCE 1', '03091728', 'OUI', 'NON'),
('121', 'SIDIBE', 'IBRAHIM', 'MASCULIN', 'PHYSIQUE CHIMIE', 'LICENCE 1', '65076407', 'NON', 'NON'),
('122', 'SIDIBE', 'MOUSSA', 'MASCULIN', 'PHYSIQUE CHIMIE', 'LICENCE 1', '57610049', 'OUI', 'NON'),
('123', 'SYLLA', 'BRAHIMA', 'MASCULIN', 'PHYSIQUE CHIMIE', 'LICENCE 1', '78683186', 'NON', 'NON'),
('124', 'SINGO', 'DIEUDONNE', 'MASCULIN', 'PHYSIQUE CHIMIE', 'LICENCE 1', '45108738', 'NON', 'NON'),
('125', 'TAN', 'IDRISSA', 'MASCULIN', 'PHYSIQUE CHIMIE', 'LICENCE 1', '66366327', 'NON', 'NON'),
('126', 'TONDOSSANA', 'MOUSTAPHA', 'MASCULIN', 'PHYSIQUE CHIMIE', 'LICENCE 1', '08526227', 'OUI', 'NON'),
('127', 'TOURE', 'ABDOULAYE', 'MASCULIN', 'PHYSIQUE CHIMIE', 'LICENCE 1', '78742834', 'NON', 'NON'),
('128', 'TOURE', 'IBRAHIM', 'MASCULIN', 'PHYSIQUE CHIMIE', 'LICENCE 1', '88365861', 'NON', 'NON'),
('129', 'TOURE', 'K. STEPHANE', 'MASCULIN', 'PHYSIQUE CHIMIE', 'LICENCE 1', '56668230', 'NON', 'NON'),
('13', 'COULIBALY', 'GNONGO', 'MASCULIN', 'MATHS INFO', 'LICENCE 1', '58559576', 'NON', 'NON'),
('130', 'TRAORE', 'ABDOUL KADIRI', 'MASCULIN', 'PHYSIQUE CHIMIE', 'LICENCE 1', '05702069', 'NON', 'NON'),
('131', 'TRAORE', 'ABOUBACAR', 'MASCULIN', 'PHYSIQUE CHIMIE', 'LICENCE 1', '89653311', 'NON', 'NON'),
('132', 'TRAORE', 'HAMED', 'MASCULIN', 'PHYSIQUE CHIMIE', 'LICENCE 1', '49918733', 'NON', 'NON'),
('133', 'TRAORE', 'OUMAR', 'MASCULIN', 'PHYSIQUE CHIMIE', 'LICENCE 1', '87099835', 'OUI', 'NON'),
('134', 'TUO', 'KADOSSIENRE FATOUMATA', 'FEMININ', 'PHYSIQUE CHIMIE', 'LICENCE 1', '69596911', 'OUI', 'NON'),
('135', 'YOUSSOUF', 'DOUMOUYA', 'MASCULIN', 'PHYSIQUE CHIMIE', 'LICENCE 1', '87932120', 'OUI', 'NON'),
('136', 'ZANNE', 'MAMINATA', 'FEMININ', 'PHYSIQUE CHIMIE', 'LICENCE 1', '77902553', 'NON', 'NON'),
('137', 'COULIBALY', 'NAHOUA DAOUDA', 'MASCULIN', 'MATHEMATIQUE', 'LICENCE 3', '48308300', 'NON', 'NON'),
('138', 'SANOGO', 'LARGATON DJAKARIDJA', 'MASCULIN', 'MATHEMATIQUE', 'LICENCE 3', '79904794', 'NON', 'NON'),
('139', 'DIARRA', 'FOUSSENI', 'MASCULIN', 'MATHEMATIQUE', 'LICENCE 3', '75258908', 'NON', 'NON'),
('14', 'COULIBALY', 'KADY', 'FEMININ', 'MATHS INFO', 'LICENCE 1', '40232015', 'NON', 'NON'),
('140', 'DIABY', 'AMARA', 'MASCULIN', 'MATHEMATIQUE', 'LICENCE 3', '87478574', 'NON', 'NON'),
('141', 'ADAMA', 'FOFANA', 'MASCULIN', 'MATHEMATIQUE', 'LICENCE 3', '79939594', 'NON', 'NON'),
('142', 'SIBI', 'SEKOU', 'MASCULIN', 'MATHEMATIQUE', 'LICENCE 3', '07213861', 'NON', 'NON'),
('143', 'OUATTARA', 'WORAWOFIHI', 'MASCULIN', 'MATHEMATIQUE', 'LICENCE 3', '08771112', 'NON', 'NON'),
('144', 'BAGUI', 'BAGOH CYRILLE', 'MASCULIN', 'MATHEMATIQUE', 'LICENCE 3', '02269037', 'NON', 'NON'),
('145', 'SOGODOGO', 'ALIMATOU', 'FEMININ', 'MATHEMATIQUE', 'LICENCE 3', '78407146', 'NON', 'NON'),
('146', 'FOFANA', 'MOUSSA', 'MASCULIN', 'MATHEMATIQUE', 'LICENCE 3', '68315269', 'NON', 'NON'),
('147', 'SALGO', 'SOULEYMANE', 'MASCULIN', 'MATHEMATIQUE', 'LICENCE 3', '55631182', 'NON', 'NON'),
('148', 'DIARRASSOUBA', 'KARAMOKO', 'MASCULIN', 'MATHEMATIQUE', 'LICENCE 3', '77538703', 'NON', 'NON'),
('149', 'IDO', 'KADER', 'MASCULIN', 'MATHEMATIQUE', 'LICENCE 3', '67049882', 'NON', 'NON'),
('15', 'COULIBALY', 'OUMAR', 'MASCULIN', 'MATHS INFO', 'LICENCE 1', '67340582', 'NON', 'NON'),
('150', 'BAMBA', 'LACINE', 'MASCULIN', 'MATHEMATIQUE', 'LICENCE 3', '66421003', 'NON', 'NON'),
('151', 'TOURE', 'MOUSSA', 'MASCULIN', 'MATHEMATIQUE', 'LICENCE 3', '59807455', 'NON', 'NON'),
('152', 'FOMBA', 'MOUHAMMED ABDOULAH', 'MASCULIN', 'MATHEMATIQUE', 'LICENCE 3', '86661866', 'NON', 'NON'),
('153', 'ANE', 'NARCISSE', 'MASCULIN', 'MATHEMATIQUE', 'LICENCE 3', '89771769', 'NON', 'NON'),
('154', 'DIARRASSOUBA', 'ABDOUL-RAMANE', 'MASCULIN', 'MATHEMATIQUE', 'LICENCE 3', '85941174', 'NON', 'NON'),
('155', 'OUATTARA', 'HAROUNA', 'MASCULIN', 'MATHEMATIQUE', 'LICENCE 3', '49930428', 'NON', 'NON'),
('156', 'DIALLO', 'ISSA', 'MASCULIN', 'MATHEMATIQUE', 'LICENCE 3', '08905009', 'NON', 'NON'),
('157', 'KONATE', 'BRAKISSA', 'FEMININ', 'MATHEMATIQUE', 'LICENCE 3', '07828695', 'NON', 'NON'),
('158', 'KANTE', 'YOUSSOUF', 'MASCULIN', 'MATHEMATIQUE', 'LICENCE 3', '79137015', 'NON', 'NON'),
('159', 'TRAORE', 'BAYLL', 'MASCULIN', 'MATHEMATIQUE', 'LICENCE 3', '88216676', 'NON', 'NON'),
('16', 'COULIBALY', 'SOULEYMANE', 'MASCULIN', 'MATHS INFO', 'LICENCE 1', '68973218', 'NON', 'NON'),
('17', 'DEMBELE', 'ABDOUL-K', 'MASCULIN', 'MATHS INFO', 'LICENCE 1', '78300582', 'OUI', 'NON'),
('18', 'DIABATE', 'MOHAMED LAMINE', 'MASCULIN', 'MATHS INFO', 'LICENCE 1', '89060646', 'NON', 'NON'),
('19', 'DIABATE', 'TAYEREGUE', 'MASCULIN', 'MATHS INFO', 'LICENCE 1', '56607058', 'NON', 'NON'),
('2', 'ABDOULAYE', 'SANGARE', 'MASCULIN', 'MATHS INFO', 'LICENCE 1', '76173623', 'NON', ''),
('20', 'DIABY', 'KARAMBA', 'MASCULIN', 'MATHS INFO', 'LICENCE 1', '59520895', 'NON', 'NON'),
('21', 'DIABY', 'MOHAMED', 'MASCULIN', 'MATHS INFO', 'LICENCE 1', '89603358', 'OUI', 'NON'),
('22', 'DIAKITE', 'SAÏDE', 'MASCULIN', 'MATHS INFO', 'LICENCE 1', '67958476', 'NON', 'NON'),
('23', 'DIARRA', 'HAMZAH', 'MASCULIN', 'MATHS INFO', 'LICENCE 1', '76334643', 'NON', 'NON'),
('24', 'DIARRASSOUBA', 'ADAMA', 'MASCULIN', 'MATHS INFO', 'LICENCE 1', '69369126', 'NON', 'NON'),
('25', 'DIOMANDE', 'SATY FATOU', 'FEMININ', 'MATHS INFO', 'LICENCE 1', '48044817', 'NON', 'NON'),
('26', 'DOUMBIA', 'BAZOUMANA', 'MASCULIN', 'MATHS INFO', 'LICENCE 1', '49618119', 'NON', 'NON'),
('27', 'DOUMBIA', 'SOULEYMANE', 'MASCULIN', 'MATHS INFO', 'LICENCE 1', '49219623', 'OUI', 'NON'),
('28', 'FOFANA', 'ISSAKA', 'MASCULIN', 'MATHS INFO', 'LICENCE 1', '09420625', 'NON', 'NON'),
('29', 'FOFANA', 'NAMORY', 'MASCULIN', 'MATHS INFO', 'LICENCE 1', '06897322', 'NON', 'NON'),
('30', 'GNATE', 'MAÏMOUNA', 'MASCULIN', 'MATHS INFO', 'LICENCE 1', '09908246', 'NON', 'NON'),
('31', 'KABADIAKITE', 'MOHAMED', 'MASCULIN', 'MATHS INFO', 'LICENCE 1', '87086973', 'NON', 'NON'),
('32', 'KAMAGATE', 'ABOULAYE', 'MASCULIN', 'MATHS INFO', 'LICENCE 1', '54064653', 'NON', 'NON'),
('33', 'KAMAGATE', 'ANNA MARIAM', 'FEMININ', 'MATHS INFO', 'LICENCE 1', '79506395', 'NON', 'NON'),
('34', 'KEITA', 'MOHAMED SANDRO', 'MASCULIN', 'MATHS INFO', 'LICENCE 1', '59825921', 'NON', 'NON'),
('35', 'KOISSI', 'AMAEL', 'MASCULIN', 'MATHS INFO', 'LICENCE 1', '79097240', 'NON', 'NON'),
('36', 'KONATE', 'FOUSSENY', 'MASCULIN', 'MATHS INFO', 'LICENCE 1', '79526800', 'NON', 'NON'),
('37', 'KONE', 'AMINATA', 'FEMININ', 'MATHS INFO', 'LICENCE 1', '47365563', 'NON', 'NON'),
('38', 'KONE', 'BIENTE', 'FEMININ', 'MATHS INFO', 'LICENCE 1', '57639903', 'NON', 'NON'),
('39', 'KONE', 'YOUSSOUF', 'MASCULIN', 'MATHS INFO', 'LICENCE 1', '58759430', 'NON', 'NON'),
('40', 'KONE', 'ADAMA', 'MASCULIN', 'MATHS INFO', 'LICENCE 1', '67846233', 'NON', 'NON'),
('41', 'KOUAKOU', 'K. JEAN ERIC', 'MASCULIN', 'MATHS INFO', 'LICENCE 1', '08257325', 'NON', 'NON'),
('42', 'KOUAKOU', 'KOUADIO ABRAHAM', 'MASCULIN', 'MATHS INFO', 'LICENCE 1', '76975880', 'NON', 'NON'),
('43', 'KOUASSI', 'JEAN LUC', 'MASCULIN', 'MATHS INFO', 'LICENCE 1', '51630473', 'NON', 'NON'),
('44', 'KOUASSI', 'KOUADIO', 'MASCULIN', 'MATHS INFO', 'LICENCE 1', '48159971', 'NON', 'NON'),
('45', 'KOUMA', 'ALI OUATTARA', 'MASCULIN', 'MATHS INFO', 'LICENCE 1', '79389107', 'NON', 'NON'),
('46', 'MARIKO', 'BOUBACAR', 'MASCULIN', 'MATHS INFO', 'LICENCE 1', '89328245', 'OUI', 'NON'),
('47', 'OUATTARA', 'GNANPON IDRISSA', 'MASCULIN', 'MATHS INFO', 'LICENCE 1', '49565985', 'OUI', 'NON'),
('48', 'OUEDRAOGO', 'ISSIAKA', 'MASCULIN', 'MATHS INFO', 'LICENCE 1', '59223128', 'NON', 'NON'),
('49', 'SACKO', 'ABOUBACAR', 'MASCULIN', 'MATHS INFO', 'LICENCE 1', '57065731', 'NON', 'NON'),
('5', 'BAMBA', 'ZOUMANA', 'MASCULIN', 'MATHS INFO', 'LICENCE 1', '67652156', 'NON', 'NON'),
('50', 'SAMAKE', 'MAMADOU', 'MASCULIN', 'MATHS INFO', 'LICENCE 1', '40405648', 'OUI', 'NON'),
('51', 'SANGARE', 'IBRAHIMA', 'MASCULIN', 'MATHS INFO', 'LICENCE 1', '59190738', 'NON', 'NON'),
('52', 'SANOGO', 'MOUSSA', 'MASCULIN', 'MATHS INFO', 'LICENCE 1', '54134117', 'NON', 'NON'),
('53', 'SANOGO', 'SIDIKI', 'MASCULIN', 'MATHS INFO', 'LICENCE 1', '51898473', 'NON', 'NON'),
('54', 'SANOGO', 'SIRIKI', 'MASCULIN', 'MATHS INFO', 'LICENCE 1', '64240274', 'NON', 'NON'),
('55', 'SERI', 'MOHAMED', 'MASCULIN', 'MATHS INFO', 'LICENCE 1', '67706164', 'NON', 'NON'),
('56', 'SERIFOU', 'SOULEYMANE', 'MASCULIN', 'MATHS INFO', 'LICENCE 1', '67081456', 'NON', 'NON'),
('57', 'SILUE', 'KARIM', 'MASCULIN', 'MATHS INFO', 'LICENCE 1', '68313162', 'NON', 'NON'),
('58', 'SOGODOGO', 'ZOUNKISSA', 'MASCULIN', 'MATHS INFO', 'LICENCE 1', '45379317', 'NON', 'NON'),
('59', 'SORO', 'BAMBA', 'MASCULIN', 'MATHS INFO', 'LICENCE 1', '84361096', 'NON', 'NON'),
('6', 'BANHORO', 'IBRAHIM', 'MASCULIN', 'MATHS INFO', 'LICENCE 1', '79386026', 'NON', 'NON'),
('60', 'SOUMAHORO', 'FATOUMATA', 'FEMININ', 'MATHS INFO', 'LICENCE 1', '79315568', 'NON', 'NON'),
('61', 'SYLLA', 'ALLASSANE B.', 'MASCULIN', 'MATHS INFO', 'LICENCE 1', '87499387', 'OUI', 'NON'),
('62', 'SYLLA', 'DIOUF', 'MASCULIN', 'MATHS INFO', 'LICENCE 1', '59812573', 'NON', 'NON'),
('63', 'SYLLA', 'INZA', 'MASCULIN', 'MATHS INFO', 'LICENCE 1', '46508410', 'OUI', 'NON'),
('64', 'TAMBOURA', 'ISSOUF', 'MASCULIN', 'MATHS INFO', 'LICENCE 1', '05758248', 'NON', 'NON'),
('65', 'TOURE', 'ABOU SERGE', 'MASCULIN', 'MATHS INFO', 'LICENCE 1', '77054676', 'NON', 'NON'),
('66', 'TRAORE', 'ABOUBACAR', 'MASCULIN', 'MATHS INFO', 'LICENCE 1', '89470344', 'NON', 'NON'),
('67', 'TRAORE', 'CHEICK OUMAR T.', 'MASCULIN', 'MATHS INFO', 'LICENCE 1', '49809435', 'NON', 'NON'),
('68', 'TRAORE', 'SIAKA', 'MASCULIN', 'MATHS INFO', 'LICENCE 1', '09863830', 'NON', 'NON'),
('7', 'BAYOKO', 'IBRAHYM', 'MASCULIN', 'MATHS INFO', 'LICENCE 1', '47062383', 'NON', 'NON'),
('70', 'YEO', 'TENEGNIGUI', 'MASCULIN', 'MATHS INFO', 'LICENCE 1', '87476719', 'OUI', 'NON'),
('71', 'ZENABOU', 'ISSA', 'FEMININ', 'MATHS INFO', 'LICENCE 1', '88586479', 'NON', 'NON'),
('72', 'ZOUH', 'BI ZOUH MARUIS', 'MASCULIN', 'MATHS INFO', 'LICENCE 1', '77475055', 'NON', 'NON'),
('73', 'ABDOUL', 'AZIZE JALLOH', 'MASCULIN', 'PHYSIQUE CHIMIE', 'LICENCE 1', '07044569', 'NON', 'NON'),
('74', 'ABDOULAYE', 'DJIBRIL', 'MASCULIN', 'PHYSIQUE CHIMIE', 'LICENCE 1', '58089035', 'NON', 'NON'),
('75', 'ADOU', 'JEANS JAURES', 'MASCULIN', 'PHYSIQUE CHIMIE', 'LICENCE 1', '49936062', 'NON', 'NON'),
('76', 'ANZOUMANA', 'KOUADIO A.', 'MASCULIN', 'PHYSIQUE CHIMIE', 'LICENCE 1', '59467099', 'OUI', 'NON'),
('77', 'AYEZOU', 'AHOA FRANCK', 'MASCULIN', 'PHYSIQUE CHIMIE', 'LICENCE 1', '89728711', 'NON', 'NON'),
('78', 'BAMBA', 'ADAMA', 'MASCULIN', 'PHYSIQUE CHIMIE', 'LICENCE 1', '88242997', 'OUI', 'NON'),
('79', 'BAMBA', 'LACINE', 'MASCULIN', 'PHYSIQUE CHIMIE', 'LICENCE 1', '78353839', 'OUI', 'NON'),
('8', 'CHEICK', 'HAMED DIALLO', 'MASCULIN', 'MATHS INFO', 'LICENCE 1', '89725128', 'NON', 'NON'),
('80', 'BAMBA', 'MAMADOU', 'MASCULIN', 'PHYSIQUE CHIMIE', 'LICENCE 1', '41526231', 'OUI', 'NON'),
('81', 'BAMBA', 'SIAKA', 'MASCULIN', 'SPECIALITE', 'LICENCE 1', '87360935', 'NON', 'NON'),
('82', 'BONI', 'KOUADIO M.', 'MASCULIN', 'PHYSIQUE CHIMIE', 'LICENCE 1', '71082396', 'NON', 'NON'),
('83', 'CISSE', 'IBRAHIM', 'MASCULIN', 'PHYSIQUE CHIMIE', 'LICENCE 1', '55652055', 'NON', 'NON'),
('84', 'CISSE', 'OUMAR', 'MASCULIN', 'PHYSIQUE CHIMIE', 'LICENCE 1', '59690302', 'NON', 'NON'),
('85', 'COULIBALY', 'HAMED', 'MASCULIN', 'PHYSIQUE CHIMIE', 'LICENCE 1', '67605071', 'NON', 'NON'),
('86', 'COULIBALY', 'NAHOUA SALI', 'FEMININ', 'PHYSIQUE CHIMIE', 'LICENCE 1', '79761642', 'NON', 'NON'),
('87', 'COULIBALY', 'YAYA', 'MASCULIN', 'PHYSIQUE CHIMIE', 'LICENCE 1', '88515946', 'NON', 'NON'),
('88', 'COULIBALY', 'ZIE HAMED', 'MASCULIN', 'PHYSIQUE CHIMIE', 'LICENCE 1', '67605071', 'NON', 'NON'),
('89', 'DAGO', 'GUIREI ELISEE', 'MASCULIN', 'PHYSIQUE CHIMIE', 'LICENCE 1', '42559334', 'NON', 'NON'),
('9', 'CISSE', 'ABOU', 'MASCULIN', 'MATHS INFO', 'LICENCE 1', '44909042', 'NON', 'NON'),
('90', 'DIABATE', 'MAMADOU', 'MASCULIN', 'PHYSIQUE CHIMIE', 'LICENCE 1', '84785429', 'NON', 'NON'),
('91', 'DIALLO', 'ABDOULAYE', 'MASCULIN', 'PHYSIQUE CHIMIE', 'LICENCE 1', '47339083', 'NON', 'NON'),
('92', 'DIARRASSOUBA', 'MOHAMED', 'MASCULIN', 'PHYSIQUE CHIMIE', 'LICENCE 1', '46772336', 'NON', 'NON'),
('93', 'EMON', 'AHIZI ROBERT', 'MASCULIN', 'PHYSIQUE CHIMIE', 'LICENCE 1', '56945129', 'NON', 'NON'),
('94', 'FOFANA', 'YOUSSOUPH IDRISSA', 'MASCULIN', 'PHYSIQUE CHIMIE', 'LICENCE 1', '59401834', 'NON', 'NON'),
('95', 'KANTE', 'SAFIATOU', 'FEMININ', 'PHYSIQUE CHIMIE', 'LICENCE 1', '06580118', 'OUI', 'NON'),
('96', 'KARAMOKO', 'YAYA', 'MASCULIN', 'PHYSIQUE CHIMIE', 'LICENCE 1', '46051937', 'NON', 'NON'),
('97', 'KEITA', 'BALAMOUSSA', 'MASCULIN', 'PHYSIQUE CHIMIE', 'LICENCE 1', '49647744', 'NON', 'NON'),
('98', 'KOMENAN', 'KOUADIO SIAKA', 'MASCULIN', 'PHYSIQUE CHIMIE', 'LICENCE 1', '42762891', 'NON', 'NON'),
('99', 'KONAN', 'HENIAN FRANCKLIN', 'MASCULIN', 'PHYSIQUE CHIMIE', 'LICENCE 1', '78585124', 'NON', 'NON'),
('CI02', 'BAMBA', 'YAYA', 'MASCULIN', 'MATHS INFO', 'LICENCE 1', '57117885/46919881', 'NON', 'NON'),
('CI0217054854', 'DIALO', 'ISSA', 'MASCULIN', 'GENIE INFORMATIQUE', 'LICENCE 3', '49843563', 'NON', ''),
('CI0219053072', 'TUO', 'PELEGNAN S. AHMED', 'MASCULIN', 'MATHS INFO', 'LICENCE 1', '47596494', 'OUI', 'NON'),
('CI0219053121', 'SILUE', 'KOLOTIOLOGAFOLO', 'MASCULIN', 'MATHS INFO', 'LICENCE 1', '88480930/45144607', 'OUI', 'NON'),
('CI0219457452', 'KONE', ' LACINA', 'MASCULIN', 'MATHEMATIQUE', 'LICENCE 1', '78451263', 'NON', 'NON');

-- --------------------------------------------------------

--
-- Structure de la table `grade`
--

CREATE TABLE `grade` (
  `niveau` varchar(20) NOT NULL
) ENGINE=InnoDB DEFAULT CHARSET=utf8;

--
-- Déchargement des données de la table `grade`
--

INSERT INTO `grade` (`niveau`) VALUES
('LICENCE 1'),
('LICENCE 2'),
('LICENCE 3'),
('MASTER 1'),
('MASTER 2');

-- --------------------------------------------------------

--
-- Structure de la table `parrain`
--

CREATE TABLE `parrain` (
  `nce_par` varchar(20) NOT NULL,
  `nom_par` varchar(50) NOT NULL,
  `prenom_par` varchar(200) NOT NULL,
  `sexe` varchar(15) NOT NULL,
  `parcours` varchar(200) NOT NULL,
  `filiere_par` varchar(50) NOT NULL,
  `niveau_par` varchar(50) NOT NULL,
  `telephone_par` varchar(20) NOT NULL,
  `parrain_ok` varchar(5) CHARACTER SET utf32 NOT NULL,
  `parrain2_ok` varchar(10) NOT NULL
) ENGINE=InnoDB DEFAULT CHARSET=utf8;

--
-- Déchargement des données de la table `parrain`
--

INSERT INTO `parrain` (`nce_par`, `nom_par`, `prenom_par`, `sexe`, `parcours`, `filiere_par`, `niveau_par`, `telephone_par`, `parrain_ok`, `parrain2_ok`) VALUES
('', 'COULIBALY', 'NAHOUA DAOUDA', 'MASCULIN', 'MATHS INFO', 'MATHEMATIQUE', 'LICENCE 3', '48308300', 'OUI', 'NON'),
('001', 'BOUARI', 'ABDOUL HAKIM', 'MASCULIN', 'MATHS INFO', 'INFORMATIQUE', 'LICENCE 3', '88441177', 'NON', 'NON'),
('00122', 'OLADIKPO', 'RAFIU', 'MASCULIN', 'MATHS INFO', 'MATHEMATIQUE', 'MASTER 1', '58424185', 'OUI', 'NON'),
('00123', 'DIABAGATE', 'ABDOUL-KARIM', 'MASCULIN', 'MATHS INFO', 'MATHEMATIQUE', 'MASTER 1', '57534654', 'OUI', 'NON'),
('00124', 'DIABATE', 'DJAKARIDJA', 'MASCULIN', 'MATHS INFO', 'MATHEMATIQUE', 'MASTER 1', '57387978', 'NON', 'NON'),
('00125', 'HARI', 'AMADOU', 'MASCULIN', 'MATHS INFO', 'MATHEMATIQUE', 'MASTER 1', '89382836', 'OUI', 'NON'),
('00126', 'OUATTARA', 'LADJI', 'MASCULIN', 'PHYSIQUE CHIMIE', 'PHYSIQUE CHIMIE', 'MASTER 1', '05984596', 'OUI', 'NON'),
('00127', 'COULIBALY', 'TIETIN', 'MASCULIN', 'PHYSIQUE CHIMIE', 'PHYSIQUE CHIMIE', 'MASTER 1', '02298276', 'OUI', 'NON'),
('00128', 'NOUFE', 'SAMI HAMED', 'MASCULIN', 'PHYSIQUE CHIMIE', 'PHYSIQUE CHIMIE', 'MASTER 1', '47361619', 'OUI', 'NON'),
('00129', 'OUEDRAOGO', 'ABDOULAYE', 'MASCULIN', 'PHYSIQUE CHIMIE', 'PHYSIQUE CHIMIE', 'MASTER 1', '57525482', 'OUI', 'NON'),
('00130', 'KONE', 'MOUSSA', 'MASCULIN', 'PHYSIQUE CHIMIE', 'PHYSIQUE CHIMIE', 'MASTER 1', '87037408', 'OUI', 'NON'),
('00131', 'TRAORE', 'DRAMANE', 'MASCULIN', 'PHYSIQUE CHIMIE', 'PHYSIQUE CHIMIE', 'MASTER 1', '59716921', 'OUI', 'NON'),
('001388', 'SANGARE', 'KALILOU', 'MASCULIN', 'MATHS INFO', 'MATHEMATIQUE', 'LICENCE 3', '47040798', 'OUI', 'NON'),
('00139', 'CAMARA', 'MICHEL', 'MASCULIN', 'MATHS INFO', 'MATHEMATIQUE', 'LICENCE 3', '58307335', 'OUI', 'NON'),
('002', 'COULIBALY', 'MIKISSYGUE OUSMANE', 'MASCULIN', 'MATHS INFO', 'INFORMATIQUE', 'LICENCE 3', '59954171', 'NON', 'NON'),
('003', 'SYLLA', 'MOCTARD', 'MASCULIN', 'MATHS INFO', 'INFORMATIQUE', 'LICENCE 3', '86092842', 'OUI', 'NON'),
('004', 'OUEDRAOGO', 'ROKIA', 'FEMININ', 'MATHS INFO', 'INFORMATIQUE', 'LICENCE 3', '79263284', 'NON', 'NON'),
('005', 'CAMARA', 'FAKANDA', 'MASCULIN', 'MATHS INFO', 'INFORMATIQUE', 'LICENCE 3', '78995368', 'OUI', 'NON'),
('006', 'KOUMA', 'ABDOURAHAMANE', 'MASCULIN', 'MATHS INFO', 'INFORMATIQUE', 'LICENCE 3', '47798713', 'OUI', 'NON'),
('007', 'CONDE', 'AMARA', 'MASCULIN', 'MATHS INFO', 'INFORMATIQUE', 'LICENCE 3', '47949196', 'OUI', 'NON'),
('008', 'KONE', 'KENIFENG', 'MASCULIN', 'MATHS INFO', 'INFORMATIQUE', 'LICENCE 3', '57229769', 'OUI', 'NON'),
('009', 'YABRE', 'INOUSSA', 'MASCULIN', 'MATHS INFO', 'INFORMATIQUE', 'LICENCE 3', '59452897', 'OUI', 'NON'),
('010', 'COULIBALY', 'LOSSENY', 'MASCULIN', 'PHYSIQUE CHIMIE', 'PHYSIQUE', 'LICENCE 3', '89368704', 'OUI', 'NON'),
('011', 'YAO', 'YAO HERVE', 'MASCULIN', 'PHYSIQUE CHIMIE', 'PHYSIQUE', 'LICENCE 3', '59413182', 'OUI', 'NON'),
('012', 'YUNUSA', 'KHATIIB ABIOLA', 'MASCULIN', 'PHYSIQUE CHIMIE', 'PHYSIQUE', 'LICENCE 3', '59259345', 'OUI', 'NON'),
('013', 'DRISSA', 'DABILA YAYA', 'MASCULIN', 'PHYSIQUE CHIMIE', 'PHYSIQUE', 'LICENCE 3', '40699735', 'OUI', 'NON'),
('014', 'BAKARY', 'KOFFI DRISSA', 'MASCULIN', 'PHYSIQUE CHIMIE', 'PHYSIQUE', 'LICENCE 3', '08285243', 'OUI', 'NON'),
('015', 'KONE', 'LAMINE', 'MASCULIN', 'PHYSIQUE CHIMIE', 'PHYSIQUE', 'LICENCE 3', '59234659', 'OUI', 'OUI'),
('016', 'COULIBALY', 'MOUSSA', 'MASCULIN', 'PHYSIQUE CHIMIE', 'PHYSIQUE', 'LICENCE 3', '67694838', 'OUI', 'OUI'),
('017', 'COULIBALY', 'SANGA SEYDOU A.', 'MASCULIN', 'PHYSIQUE CHIMIE', 'PHYSIQUE', 'LICENCE 3', '68319294', 'OUI', 'NON'),
('018', 'KONATE', 'SEYDOU', 'MASCULIN', 'PHYSIQUE CHIMIE', 'PHYSIQUE', 'LICENCE 3', '04734556', 'OUI', 'NON'),
('019', 'BAMBA', 'SIAKA', 'MASCULIN', 'PHYSIQUE CHIMIE', 'PHYSIQUE', 'LICENCE 3', '87601016', 'OUI', 'NON'),
('020', 'KONE', 'KARNON', 'MASCULIN', 'PHYSIQUE CHIMIE', 'PHYSIQUE', 'LICENCE 3', '54953794', 'OUI', 'OUI'),
('1', 'SANOGO', 'LARGATON DJAKARIDJA', 'MASCULIN', 'MATHS INFO', 'MATHEMATIQUE', 'LICENCE 3', '79904194', 'OUI', 'NON'),
('10', 'FOFANA', 'MOUSSA', 'MASCULIN', 'MATHS INFO', 'MATHEMATIQUE', 'LICENCE 3', '68315269', 'OUI', 'NON'),
('11', 'SALGO', 'SOULEYMANE', 'MASCULIN', 'MATHS INFO', 'MATHEMATIQUE', 'LICENCE 3', '55631182', 'NON', 'NON'),
('111', 'N’DIAYE', 'ABOUBAKRINE', 'MASCULIN', 'MATHS INFO', 'INFORMATIQUE', 'LICENCE 3', '79320334', 'NON', 'NON'),
('12', 'DIARRASSOUBA', 'KARAMOKO', 'MASCULIN', 'MATHS INFO', 'MATHEMATIQUE', 'LICENCE 3', '77538703', 'NON', 'NON'),
('125', 'SILUE', 'KIGBAFORY KITIA', 'MASCULIN', 'PHYSIQUE CHIMIE', 'CHIMIE', 'LICENCE 3', '54591063', 'OUI', 'NON'),
('13', 'IDO', 'KADER', 'MASCULIN', 'MATHS INFO', 'MATHEMATIQUE', 'LICENCE 3', '67049882', 'OUI', 'NON'),
('14', 'BAMBA', 'LACINE', 'MASCULIN', 'MATHS INFO', 'MATHEMATIQUE', 'LICENCE 3', '66421003', 'NON', 'NON'),
('15', 'TOURE', 'MOUSSA', 'MASCULIN', 'MATHS INFO', 'MATHEMATIQUE', 'LICENCE 3', '59807455', 'OUI', 'NON'),
('16', 'FOMBA', 'MOUHAMMED ABDOULAL', 'MASCULIN', 'MATHS INFO', 'MATHEMATIQUE', 'LICENCE 3', '86661866', 'OUI', 'NON'),
('17', 'ANE', 'NARCISSE', 'MASCULIN', 'MATHS INFO', 'MATHEMATIQUE', 'LICENCE 3', '89771769', 'OUI', 'NON'),
('18', 'DIARRASSOUBA', 'ABDOUL-RAMANE', 'MASCULIN', 'MATHS INFO', 'MATHEMATIQUE', 'LICENCE 3', '85941174', 'OUI', 'NON'),
('19', 'OUATTARA', 'HAROUNA', 'MASCULIN', 'MATHS INFO', 'MATHEMATIQUE', 'LICENCE 3', '49930428', 'NON', 'NON'),
('2', 'DIARRA', 'FOUSSENI', 'MASCULIN', 'MATHS INFO', 'MATHEMATIQUE', 'LICENCE 3', '75258908', 'NON', 'NON'),
('20', 'DIALLO', 'ISSA', 'MASCULIN', 'MATHS INFO', 'MATHEMATIQUE', 'LICENCE 3', '08905009', 'NON', 'NON'),
('21', 'KONATE', 'BRAKISSA', 'FEMININ', 'MATHS INFO', 'MATHEMATIQUE', 'LICENCE 3', '07828695', 'NON', 'NON'),
('22', 'KANTE', 'YOUSSOUF', 'MASCULIN', 'MATHS INFO', 'MATHEMATIQUE', 'LICENCE 3', '79137015', 'NON', 'NON'),
('23', 'TRAORE', 'BAYLL', 'MASCULIN', 'MATHS INFO', 'MATHEMATIQUE', 'LICENCE 3', '88216676', 'NON', 'NON'),
('24', 'DIAKITE', 'GAYE ISAAC', 'MASCULIN', 'MATHS INFO', 'MATHEMATIQUE', 'LICENCE 3', '88106089', 'OUI', 'NON'),
('3', 'DIABY', 'AMARA', 'MASCULIN', 'MATHS INFO', 'MATHEMATIQUE', 'LICENCE 3', '87478574', 'NON', 'NON'),
('5', 'ADAMA', 'FOFANA', 'MASCULIN', 'MATHS INFO', 'MATHEMATIQUE', 'LICENCE 3', '79939594', 'NON', 'NON'),
('6', 'SIBI', 'SEKOU', 'MASCULIN', 'MATHS INFO', 'MATHEMATIQUE', 'LICENCE 3', '07213861', 'NON', 'NON'),
('7', 'OUATTARA', 'WORAWOFIHI', 'MASCULIN', 'MATHS INFO', 'MATHEMATIQUE', 'LICENCE 3', '08771112', 'OUI', 'NON'),
('8', 'BAGUI', 'BAGOH CYRILLE', 'MASCULIN', 'MATHS INFO', 'MATHEMATIQUE', 'LICENCE 3', '02269037', 'NON', 'NON'),
('9', 'SOGODOGO', 'ALIMATOU', 'FEMININ', 'MATHS INFO', 'MATHEMATIQUE', 'LICENCE 3', '78407146', 'OUI', 'NON'),
('CI02044995', 'DIABAGATE', 'MORISAINDOU', 'MASCULIN', 'MATHS INFO', 'MATHEMATIQUE', 'LICENCE 3', '78466078', 'NON', 'NON'),
('CI0215042570', 'SANGARE', 'AMADOU LOSSENI', 'MASCULIN', 'MATHS INFO', 'GENIE INFORMATIQUE', 'MASTER 2', '49843563', 'NON', 'NON');

-- --------------------------------------------------------

--
-- Structure de la table `specialite`
--

CREATE TABLE `specialite` (
  `filiere` varchar(50) NOT NULL
) ENGINE=InnoDB DEFAULT CHARSET=utf8;

--
-- Déchargement des données de la table `specialite`
--

INSERT INTO `specialite` (`filiere`) VALUES
('CHIMIE'),
('GENIE INFORMATIQUE'),
('INFORMATIQUE'),
('MATHEMATIQUE'),
('MATHS INFO'),
('MIAGE'),
('PHYSIQUE'),
('PHYSIQUE CHIMIE');

-- --------------------------------------------------------

--
-- Structure de la table `utilisateur`
--

CREATE TABLE `utilisateur` (
  `id` int(11) NOT NULL,
  `nom` varchar(200) NOT NULL,
  `passe` varchar(200) NOT NULL
) ENGINE=InnoDB DEFAULT CHARSET=utf8;

--
-- Déchargement des données de la table `utilisateur`
--

INSERT INTO `utilisateur` (`id`, `nom`, `passe`) VALUES
(1, 'LOSS', '1234');

--
-- Index pour les tables déchargées
--

--
-- Index pour la table `attribuer`
--
ALTER TABLE `attribuer`
  ADD KEY `nce_et` (`nce_et`,`nce_par`),
  ADD KEY `nce_par` (`nce_par`),
  ADD KEY `id_utilisateur` (`utilisateur`);

--
-- Index pour la table `etudiant`
--
ALTER TABLE `etudiant`
  ADD PRIMARY KEY (`nce_et`),
  ADD KEY `niveau_et` (`niveau_et`),
  ADD KEY `filiere_et` (`filiere_et`),
  ADD KEY `niveau_et_2` (`niveau_et`);

--
-- Index pour la table `grade`
--
ALTER TABLE `grade`
  ADD PRIMARY KEY (`niveau`);

--
-- Index pour la table `parrain`
--
ALTER TABLE `parrain`
  ADD PRIMARY KEY (`nce_par`),
  ADD KEY `filiere_par` (`filiere_par`,`niveau_par`),
  ADD KEY `niveau_par` (`niveau_par`);

--
-- Index pour la table `specialite`
--
ALTER TABLE `specialite`
  ADD PRIMARY KEY (`filiere`);

--
-- Index pour la table `utilisateur`
--
ALTER TABLE `utilisateur`
  ADD PRIMARY KEY (`id`);

--
-- AUTO_INCREMENT pour les tables déchargées
--

--
-- AUTO_INCREMENT pour la table `utilisateur`
--
ALTER TABLE `utilisateur`
  MODIFY `id` int(11) NOT NULL AUTO_INCREMENT, AUTO_INCREMENT=2;

--
-- Contraintes pour les tables déchargées
--

--
-- Contraintes pour la table `attribuer`
--
ALTER TABLE `attribuer`
  ADD CONSTRAINT `attribuer_ibfk_1` FOREIGN KEY (`nce_par`) REFERENCES `parrain` (`nce_par`) ON DELETE CASCADE ON UPDATE CASCADE,
  ADD CONSTRAINT `attribuer_ibfk_2` FOREIGN KEY (`nce_et`) REFERENCES `etudiant` (`nce_et`) ON DELETE CASCADE ON UPDATE CASCADE,
  ADD CONSTRAINT `attribuer_ibfk_3` FOREIGN KEY (`utilisateur`) REFERENCES `utilisateur` (`id`) ON DELETE CASCADE ON UPDATE CASCADE;

--
-- Contraintes pour la table `parrain`
--
ALTER TABLE `parrain`
  ADD CONSTRAINT `parrain_ibfk_1` FOREIGN KEY (`niveau_par`) REFERENCES `grade` (`niveau`),
  ADD CONSTRAINT `parrain_ibfk_2` FOREIGN KEY (`filiere_par`) REFERENCES `specialite` (`filiere`);
COMMIT;

/*!40101 SET CHARACTER_SET_CLIENT=@OLD_CHARACTER_SET_CLIENT */;
/*!40101 SET CHARACTER_SET_RESULTS=@OLD_CHARACTER_SET_RESULTS */;
/*!40101 SET COLLATION_CONNECTION=@OLD_COLLATION_CONNECTION */;
